,Occurrences,Precision,Recall,F1 Score
Occurrences,1.0,0.6673714784775481,0.8060959502494557,0.7920351764137991
Precision,0.6673714784775481,1.0,0.7660516381453031,0.8642772664211867
Recall,0.8060959502494557,0.7660516381453031,1.0,0.9819251146930994
F1 Score,0.7920351764137991,0.8642772664211867,0.9819251146930994,1.0
